Entidad,Archivo,Area,PK,Props,Nav
tblcompanies,fundsReceive,Other,idcompany,idcompany:int; companyname:string; companyshortname:string; companyaddress:string; companytelephone:string; companyactive:bool; companyorder:Nullable<int>; idsegment:Nullable<int>; fundsGive:Nullable<bool>; fundsReceive:Nullable<bool>,tblbankaccount; tblbankstatements; tblsegment; tblcompanydevelopment; tblcompanygroupdevelopment; tblcompanygroupdevelopment1; tblcompaniesuppliers; tblexpensereportsourcedata
tblcurrencyexchange,currencyexchangedate,Other,idcurrencyexchange,idcurrencyexchange:int; currencyexchangefrom:int; currencyexchangeto:int; currencyexchangerate:decimal; currencyexchangedate:System.DateTime,
tblaccountsl3,accountl3order,Other,idaccountl3,idaccountl3:int; idaccountl2:int; accountl3name:string; accountl3description:string; accountl3active:Nullable<bool>; accountl3order:int,tblaccountsl2; tblprofaccclass3; tblaccountsl4
tblbankstat2reserv,idBankStatements2,Bancos,idBankStat2Reserv,idBankStat2Reserv:long; idReservationPayment:int; idBankStatements2:long,tblreservationspayment; tblbankstatements2
tblbugettype,budgettypeactive,Other,idbudgettype,idbudgettype:int; budgettypename:string; budgettypedescription:string; budgettypeorder:int; budgettypeactive:bool,tblinvoiceditem
tblextgroupcompanies,externalgroupcompanyActive,Other,IdExtGroupCompanies,IdExtGroupCompanies:int; idCompany:int; IdExternalGroup:int; externalgroupcompanyActive:bool,tblcompanies; tblexternalgroup
tblprefixes,PartnerPrice,Other,idPrefix,idPrefix:int; idHotelChain:int; prefixAbbrev:string; prefixUsesHiphen:bool; prefixDigitPositions:int; prefixActive:bool; prefixAlt:string; websiteAccessAllowed:Nullable<bool>; PartnerPrice:Nullable<decimal>,tblbatchdetailpre
tblincomeitemLog,incomedescription,Facturacion/Ingresos,idincomeitem,LogId:int; LogDate:Nullable<System.DateTime>; LogUser:Nullable<int>; LogObs:string; idincomeitem:long; idincome:long; idaccountl4:int; idincomeitemstatus:int; iduser:int; incomeitemdate:System.DateTime; incomeitemsubtotal:decimal; incomedescription:string,
tblinvoiceditem,itemupdateon,Facturacion/Ingresos,idinvoiceitem,idinvoiceitem:long; idinvoice:long; iduser:int; idaccountl4:int; idinvoiceitemstatus:int; idbudgettype:int; idsupplier:int; itemsubtotal:Nullable<decimal>; itemdescription:string; ditemistax:bool; itemtax:decimal; itemidentifier:string,tblaccountsl4; tblbugettype; tblinvoice; tblinvoiceitemstatus; tblSuppliers; tblusers
tblbankstat2invoice,idBankStatements2,Facturacion/Ingresos,idBankStat2Invoice,idBankStat2Invoice:long; idpayment:long; idBankStatements2:long,tblpayment; tblbankstatements2
tblSuppliers,supplierActive,Other,idSupplier,idSupplier:int; supplierName:string; supplierOrder:Nullable<int>; supplierHasAccounts:bool; supplierActive:bool,tblreservations; tblreservationsparent; tblcompaniesuppliers; tblinvoiceditem
tblexternalgroup,externalgroupActive,Other,IdExternalGroup,IdExternalGroup:int; externalgroupName:string; externalgroupShortName:string; externalgroupActive:bool,tblextgroupcompanies
tbloperationtype,operationTypeName,Other,idOperationType,idOperationType:int; operationTypeName:string,tblmovementtype
tblbankstat2parentreserv,idBankStatements2,Bancos,idBankStat2ParentReserv,idBankStat2ParentReserv:long; idReservationParentPayment:int; idBankStatements2:long,tblreservationsparentpayment; tblbankstatements2
tblmovementtype,idOperationType,Other,idMovementType,idMovementType:int; movementTypeName:string; movementTypeActive:bool; idOperationType:int,tbloperationtype; tblbankstatements2
tblprofaccclass3,profaccclassdatelastchange,Other,idprofaccclass3,idprofaccclass3:int; idaccountl3:int; idprofileaccount:int; profaccclassuserlastchange:int; profaccclassdatelastchange:Nullable<System.DateTime>,tblaccountsl3; tblprofilesaccounts
tblbankstatements,bankStatementsAuthCode,Bancos,idBankStatements,idBankStatements:long; idBAccount:int; idTPV:int; idCompany:int; idBankStatementMethod:Nullable<int>; bankstatementAplicationDate:System.DateTime; bankstatementAppliedAmmount:decimal; bankstatementBankFee:Nullable<decimal>; bankstatementAppliedAmmountFinal:Nullable<decimal>; bankStatementsTC:string; bankStatementsAuthCode:string,tblbankaccount; tblbankstateincome; tblbankstatementmethod; tblcompanies; tbltpv; tblbankstatementsdet; tblbankstateparentreserv; tblbankstatepurchase
tblinvoiceitemstatus,invoicestatusactive,Facturacion/Ingresos,idinvoiceItemstatus,idinvoiceItemstatus:int; invoicestatusname:string; invoicestatusshortname:string; invoicestatusactive:Nullable<bool>,tblincomeitem; tblinvoiceditem
tblincome,incometupdateon,Facturacion/Ingresos,idincome,idincome:long; idcompany:int; idcurrency:int; incomeapplicationdate:System.DateTime; incomenumber:int; incomecreatedby:int; incomecreactiondate:System.DateTime; incomeupdatedby:int; incometupdateon:System.DateTime,tblcompanies; tblincomecomments; tblincomeitem; tblincomeattach; tblincomemovement; tblcurrencies; tblusers; tblusers1
tbluserbacount,userbacountactive,Usuarios/Empresas,iduserbacount,iduserbacount:int; iduser:int; idbaccount:int; userbacountcreatedby:int; userbacountcreationdate:System.DateTime; userbacountactive:bool,tblbankaccount; tblusers
tblbankaccntclasification,bankaccntclasactive,Bancos,idbankaccntclasification,idbankaccntclasification:int; bankaccntclasname:string; bankaccntclasshortname:string; bankaccntclasdescription:string; bankaccntclasactive:bool,tblbankaccount
tblexpensereportsourcedatatypes,expensereportsourcedatatypesactive,Other,idexpensereportsourcedatatypes,idexpensereportsourcedatatypes:int; idexpensereportsourcedata:int; idtype:int; expensereportsourcedatatypesactive:bool,tblexpensereportsourcedata
tblincomeattach,incomeattachactive,Facturacion/Ingresos,idincomeattach,idincomeattach:int; idincome:long; idattach:int; incomeattachname:string; incomeattachshortname:string; incomeattachdirectory:string; incomeattachcontenttype:string; incomeattachuserlastchange:int; incomeattachdatelastchange:Nullable<System.DateTime>; incomeattachactive:bool,tblattachments; tblincome; tblusers
tblreservationsparentcancellation,exchangeRate,Pagos/Reservas,idReservationParentCancel,idReservationParentCancel:int; idReservationParent:Nullable<int>; cancellationDate:Nullable<System.DateTime>; cancellationReason:string; idCancelType:Nullable<int>; idCurrency:Nullable<int>; terminal:Nullable<int>; amountReturned:Nullable<decimal>; exchangeRate:Nullable<decimal>,tblcurrencies; tblreservationsparent
tblbankprodttype,bankprodttypeactive,Bancos,idbankprodttype,idbankprodttype:int; bankprodttypename:string; bankprodttypeshortname:string; bankprodttypedescription:string; bankprodttypeactive:bool,tblbaccounprodttype; tblincomemovement; tblpayment
tblincomemovement,incomemovauthcode,Facturacion/Ingresos,idincomeMovement,idincomeMovement:long; idincome:long; idbaccount:int; idbankaccnttype:int; idtpv:Nullable<int>; incomemovcard:string; incomemovapplicationdate:System.DateTime; incomemovchargedamount:decimal; incomemovauthref:string; incomemovcreationdate:System.DateTime; incomemovcreatedby:int; incomemovupdatedon:System.DateTime,tblbankaccount; tblbankprodttype; tblbankstateincome; tblincome; tbltpv; tblbankstat2income
tblbankaccountsourcedata,sourcedatadatestart,Bancos,idbankaccountsourcedata,idbankaccountsourcedata:int; idbaccount:int; idsourcedata:int; sourcedatadatestart:System.DateTime,tblbankaccount; tblsourcedata; tblbankaccountsourcedatatypes
tblmembers,schedulePreference,Other,idMember,idMember:int; idCountry:Nullable<int>; idMembership:int; memberFirstName:string; memberLastName:string; memberBirthday:Nullable<System.DateTime>; memberStreetAddress:string; memberCity:string; memberState:string; memberZipCode:string; memberTelephoneHome:string; memberTelephoneMobile:string,tblmemberships; tblreservations
tblbankstatements2,bankstatements2BankFee,Bancos,idBankStatements2,idBankStatements2:long; idBAccount:int; idMovementType:int; bankstatements2AplicationDate:System.DateTime; bankstatements2Concept:string; bankstatements2Charge:Nullable<decimal>; bankstatements2Pay:Nullable<decimal>; bankstatements2CreatedBy:Nullable<int>; bankstatements2CreatedOn:Nullable<System.DateTime>; bankstatements2UpdatedBy:Nullable<int>; bankstatements2UpdatedOn:Nullable<System.DateTime>; bankstatements2Reconciled:bool,tblusers; tblusers1; tblbankaccount; tblbankstat2fondo; tblbankstat2fondo1; tblbankstat2income; tblbankstat2invoice; tblbankstat2parentreserv
tblaccountsl2,accountl2order,Other,idaccountl2,idaccountl2:int; idaccountl1:int; accountl2name:string; accountl2description:string; accountl2active:Nullable<bool>; accountl2order:int,tblaccountsl1; tblaccountsl3
tblbankstat2income,idBankStatements2,Facturacion/Ingresos,idBankStat2Income,idBankStat2Income:long; idincomeMovement:long; idBankStatements2:long,tblincomemovement; tblbankstatements2
tblpurchasescancellation,exchangeRate,Pagos/Reservas,idPurchaseCancel,idPurchaseCancel:int; idPurchase:Nullable<int>; cancellationDate:Nullable<System.DateTime>; cancellationReason:string; idCancelType:Nullable<int>; idCurrency:Nullable<int>; terminal:Nullable<int>; amountReturned:Nullable<decimal>; exchangeRate:Nullable<decimal>,tblcurrencies; tblpurchases
tblinvoiceditemLog,idbudgettype,Facturacion/Ingresos,idinvoiceitem,LogId:int; LogDate:Nullable<System.DateTime>; LogUser:Nullable<int>; LogObs:string; idinvoiceitem:int; idinvoice:int; idaccl4:int; idinvoiceitemstatus:int; Iduser:int; invoiceditemsubtotal:Nullable<decimal>; description:string; deleted:Nullable<bool>,
tblbankstatementsLog,bankStatementsAuthCode,Bancos,idBankStatements,Log_Id:int; Log_Date:Nullable<System.DateTime>; Log_User:Nullable<int>; Log_Obs:string; idBankStatements:long; idBAccount:int; idTPV:int; idCompany:int; idBankStatementMethod:Nullable<int>; bankstatementAplicationDate:System.DateTime; bankstatementAppliedAmmount:decimal; bankstatementBankFee:Nullable<decimal>,
tblreservationspayment,authCode,Pagos/Reservas,idReservationPayment,idReservationPayment:int; idReservation:Nullable<int>; idPaymentType:Nullable<int>; cardDigits:Nullable<long>; idCurrency:Nullable<int>; terminal:Nullable<int>; reservationPaymentCost:Nullable<decimal>; exchangeRate:Nullable<decimal>; reservationPaymentDate:Nullable<System.DateTime>; authCode:string,tblreservations; tblbankstatereserv; tblbankstat2reserv
tblinvoiceLog,invoicedeleteon,Facturacion/Ingresos,idinvoice,LogId:int; LogDate:Nullable<System.DateTime>; LogUser:Nullable<int>; LogObs:string; idinvoice:long; idcompany:int; idcurrency:Nullable<int>; invoicedate:System.DateTime; invoicenumber:int; invoicecreatedby:int; invoicecreateon:System.DateTime; invoiceupdatedby:int,
tblfondosmaxammountLog,fondosmaxCreationDate,Other,idFondosMax,LogId:int; LogDate:Nullable<System.DateTime>; LogUser:Nullable<int>; LogObs:string; idFondosMax:int; idBAccount:int; fondosmaxAmmount:decimal; fondosmaxCreatedby:int; fondosmaxCreationDate:System.DateTime,
tblbaccounprodttype,baccountprodtypeallowneg,Other,idbaccountprodtype,idbaccountprodtype:int; idbaccount:int; idbankprodttype:int; baccountprodtypecreatedby:int; baccountprodtypecreationdate:System.DateTime; baccountprodtypeactive:bool; baccountprodtypeallowneg:bool,tblbankaccount; tblbankprodttype
tblcompaniesuppliers,idsupplier,Other,idcompanysupplier,idcompanysupplier:int; idcompany:int; idsupplier:int,tblcompanies; tblSuppliers
tblbankstat2purchase,idBankStatements2,Bancos,idBankStat2Purchase,idBankStat2Purchase:long; idPaymentPurchase:int; idBankStatements2:long,tblpaymentspurchases; tblbankstatements2
tblfondosLog,idFinanceType,Other,idFondos,LogId:int; LogDate:Nullable<System.DateTime>; LogUser:Nullable<int>; LogObs:string; idFondos:Nullable<int>; idPaymentMethod:int; idFinancialMethod:int; fondofechaEntrega:System.DateTime; fondoFechaInicio:System.DateTime; fondoFechaFin:System.DateTime; fondoMonto:decimal; fondoCreatedby:int,
tbluserpermissions,userpermissionActive,Usuarios/Empresas,IdUserPermission,IdUserPermission:int; idUser:Nullable<int>; idPermission:Nullable<int>; userpermissionActive:Nullable<bool>,tblpermissions; tblusers
tblbatchdetail,batchmonto,Other,id,id:int; idBatch:Nullable<int>; idPurchase:Nullable<int>; batchUser:Nullable<int>; batchCreate:System.DateTime; batchmonto:Nullable<decimal>,tblpurchases; tblbatch
tblpaymentspurchases,authCode,Pagos/Reservas,idPaymentPurchase,idPaymentPurchase:int; idPurchase:Nullable<int>; idPaymentType:Nullable<int>; cardDigits:Nullable<long>; idCurrency:Nullable<int>; terminal:Nullable<int>; paymentCost:Nullable<decimal>; exchangeRate:Nullable<decimal>; paymentDate:Nullable<System.DateTime>; authCode:string,tblcurrencies; tblbankstatepurchase; tblpurchases; tblbankstat2purchase
tblbankstatementsdet,bankStatementsDetAuthCode,Bancos,idBankStatementsDet,idBankStatementsDet:long; idBankStatements:Nullable<long>; idTPV:int; bankStatementsDetSaleDate:Nullable<System.DateTime>; bankStatementsDetSaleAmnt:Nullable<decimal>; bankStatementsDetTC:string; bankStatementsDetAuthCode:string,tblbankstatements; tbltpv
tblbank,bankactive,Bancos,idbank,idbank:int; bankname:string; bankshortname:string; bankdescription:string; bankactive:bool,tblbankaccount
tblerrorseverity,errorSeverityName,Other,idErrorSeverity,idErrorSeverity:int; errorSeverityName:string,tblbstaterrors
tblparameters1,parameterDescription,Other,idParameter,idParameter:int; parameterValue:string; parameterDescription:string,
tblbankaccount,baccountactive,Bancos,idbaccount,idbaccount:int; idbank:int; idcurrency:int; idcompany:int; idbankaccntclasification:int; baccountname:string; baccountshortname:string; baccountdescription:string; baccountcreatedby:int; baccountcreateddate:System.DateTime; baccountmodifiedby:int; baccountmodifiedon:System.DateTime,tblbaccounprodttype; tblbaccounttpv; tblbank; tblbankaccntclasification; tblcompanies; tblbankaccountsourcedata; tblbankstatements; tblfondos
tblincomeitem,incomedescription,Facturacion/Ingresos,idincomeitem,idincomeitem:long; idincome:long; idAccountl4:int; idincomeitemstatus:int; iduser:int; incomeitemdate:System.DateTime; incomeitemsubtotal:decimal; incomedescription:string,tblaccountsl4; tblincome; tblinvoiceitemstatus; tblusers
tblcurrencies,currencyActive,Other,idCurrency,idCurrency:int; currencyName:string; currencyAlphabeticCode:string; currencyNumericCode:string; currencyActive:Nullable<bool>,tblbankaccount; tblincome; tblpaymentspurchases; tblpurchasescancellation; tblreservationsparent; tblreservationsparentcancellation; tblcompaniescurrencies; tblinvoice
tblfinancetype,financeTypeActive,Other,idFinanceType,idFinanceType:int; financeTypeName:string; financeTypeCode:string; financeTypeActive:Nullable<bool>,tblfondos
tblfondosmaxammount,fondosmaxCreationDate,Other,idFondosMax,idFondosMax:int; idBAccount:int; fondosmaxAmmount:decimal; fondosmaxDescription:string; fondosmaxCreatedby:int; fondosmaxCreationDate:System.DateTime,tblbankaccount; tblusers
tblpartners,batchShow,Other,idPartner,idPartner:int; idHotelChain:int; partnerName:string; partnerActive:bool; batchShow:Nullable<bool>,tblhotelchains; tblpurchases; tblreservations; tblbatchdetailpre
tblparameters,parameterDescription,Other,idParameter,idParameter:int; parameterValue:string; parameterShortName:string; parameterDescription:string,
tblusers,passwordHash,Usuarios/Empresas,idUser,idUser:int; idPermission:long; idProfile:int; userLoginName:string; userPassword:string; userPersonName:string; userPersonLastName:string; userEmail:string; userActive:bool; idprofileaccount:Nullable<int>; passwordHash:string,tblreservations; tblreservationsparent; tblbaccounttpv; tblbaccounttpv1; tblbankaccount; tblbankaccount1; tblfondos; tblfondosmaxammount
tblcompanygroupdevelopment,idCompanyChild,Usuarios/Empresas,idCompanyGroupDevelop,idCompanyGroupDevelop:int; idCompanyParent:int; idCompanyChild:int,tblcompanies; tblcompanies1
tblbankstateincome,cardNumber,Facturacion/Ingresos,idBankstatIncome,idBankstatIncome:long; idBankStatements:long; idincomeMovement:long; authCode:string; cardNumber:string,tblbankstatements; tblincomemovement
tblbstaterrors,idUser,Other,idBStatError,idBStatError:int; bStatErrorOperUuid:string; bStatErrorDatetime:System.DateTime; bStatErrorConsec:int; bStatErrorTotal:int; bStatErrorMessage:string; bStatErrorDetails:string; idErrorSeverity:int; idErrorAction:int; bStatErrorHasExcep:bool; bStatErrorExcepMsg:string; bStatErrorExcepStack:string,tblusers; tblerroraction; tblerrorseverity
tblaccounttypereport,accounttypereportdescription,Other,idaccounttypereport,idaccounttypereport:int; accounttypereportname:string; accounttypereportdescription:string,tblaccountl4accounttype
tblfondos,idFinanceType,Other,idFondos,idFondos:int; idPaymentMethod:int; idFinancialMethod:int; fondofechaEntrega:System.DateTime; fondoFechaInicio:System.DateTime; fondoFechaFin:System.DateTime; fondoMonto:decimal; fondoCreatedby:int; fondoCreationDate:System.DateTime; fondoComments:string; fondoFee:decimal; fondoInvoice:Nullable<long>,tblbankaccount; tblbankaccount1; tblfinancetype; tblusers; tblbankstat2fondo
tblconciliationsegmentaccl4fee,idAccountl4,Other,idConciliationsegmentaccl4,idConciliationsegmentaccl4:int; idSegment:int; idAccountl4:int,tblaccountsl4; tblsegment
tblPaymentForms,paymentFormOrder,Pagos/Reservas,idPaymentForm,idPaymentForm:int; paymentFormName:string; paymentFormActive:bool; paymentFormOrder:Nullable<int>,tblaccl4paymenmethods; tblreservations; tblreservations1; tblreservations2; tblreservationsparent; tblreservationsparent1; tblreservationsparent2; tblreservationsparent3
tblincomecomments,incomeCommentcreactiondate,Facturacion/Ingresos,idincomecomment,idincomecomment:int; idincome:long; iduser:int; invcomeCommentdescription:string; incomeCommentcreactiondate:System.DateTime,tblincome; tblusers
tblincomemovementLog,incomemovdeleted,Facturacion/Ingresos,idincomeMovement,LogId:long; LogDate:Nullable<System.DateTime>; LogUser:Nullable<int>; LogObs:string; idincomeMovement:long; idincome:long; idbaccount:int; idBankAccntType:int; idtpv:Nullable<int>; incomemovcard:string; incomemovapplicationdate:System.DateTime; incomemovchargedamount:decimal,
tbldeposittypes,depositTypeDescription,Other,idDepositType,idDepositType:int; depositTypeDescription:string,tbltpv
tblbankstat2fondo,idBankStatements2Out,Bancos,idBankStat2Fondo,idBankStat2Fondo:long; idFondos:int; idBankStatements2In:Nullable<long>; idBankStatements2Out:Nullable<long>,tblfondos; tblbankstatements2; tblbankstatements21
tblbankstateparentreserv,cardNumber,Bancos,idBankstatParentReserv,idBankstatParentReserv:long; idBankStatements:long; idReservationParentPayment:int; authCode:string; cardNumber:string,tblbankstatements; tblreservationsparentpayment
tblcompaniescurrencies,companiescurrenciesactive,Other,idcompaniescurrencies,idcompaniescurrencies:int; idcompany:int; idcurrency:int; companiescurrenciesactive:bool,tblcompanies; tblcurrencies
tbltpv,idphysicallyat,Other,idtpv,idtpv:int; tpvname:string; tpvdescription:string; tpvidlocation:string; tpvcreatedby:int; tpvcreateddate:System.DateTime; tpvmodifiedby:int; tpvmodifiedon:System.DateTime; tpvactive:bool; iddeposittype:Nullable<int>; idphysicallyat:Nullable<int>,tblbaccounttpv; tblbankstatements; tblbankstatementsdet; tblcompanies; tbldeposittypes; tblincomemovement; tblreservations
tblpurchases,idRequest,Pagos/Reservas,idPurchase,idPurchase:int; idPartner:int; idMembership:int; idMembershipType:int; purchaseStartDate:Nullable<System.DateTime>; purchaseDate:Nullable<System.DateTime>; purchaseYears:Nullable<int>; purchaseMonths:Nullable<int>; purchaseSellPrice:Nullable<decimal>; purchaseProductionCost:Nullable<decimal>; purchasePaymentReference:string; isRenewalPurchase:Nullable<bool>,tblmemberships; tblpartners; tblpaymentspurchases; tblpurchasescancellation; tblbatchdetail
tblmemberships,membershipRecordDate,Other,idMembership,idMembership:int; idMembershipStatus:int; membershipNumberPref:string; membershipNumberFolio:Nullable<long>; membershipNumberPartner:string; membershipCancelationDate:Nullable<System.DateTime>; membershipObservations:string; membershipPassword:string; membershipGUID:System.Guid; membershipRecordDate:Nullable<System.DateTime>,tblmembers; tblpurchases; tblreservations
tblbankstatementsgap,bankstatementsgapDescription,Bancos,idBankStatementsGap,idBankStatementsGap:int; bankstatementsgapValue:decimal; bankstatementsgapDate:System.DateTime; bankstatementsgapDescription:string,
tblinvoicecomments,invoicecommentcreactiondate,Facturacion/Ingresos,idinvoicecomment,idinvoicecomment:int; idinvoice:long; iduser:int; invoicecommentdescription:string; invoicecommentcreactiondate:System.DateTime,tblinvoice; tblusers
tblhotelchains,certificateActive,Other,idHotelChain,idHotelChain:int; hotelChainName:string; hotelChainAbbrev:string; hotelChainActive:bool; certificateActive:Nullable<bool>,tblcompanydevelopment; tblpartners
tblbaccounttpv,baccounttpvupdateon,Other,idbaccounttpv,idbaccounttpv:int; idbaccount:int; idtpv:int; baccounttpvcreatedBy:int; baccounttpvcreateddate:System.DateTime; baccounttpvupdatedby:int; baccounttpvupdateon:System.DateTime,tblbankaccount; tbltpv; tblusers; tblusers1
tblbankstatereserv,cardNumber,Bancos,idBankstatReserv,idBankstatReserv:long; idBankStatements:long; idReservationPayment:int; authCode:string; cardNumber:string,tblbankstatements; tblreservationspayment
tblattachments,attachmentactive,Other,idattachment,idattachment:int; attachmentname:string; attachmentactive:Nullable<bool>,tblincomeattach; tblinvoiceattach
tblprofilesaccounts,profileaccountactive,Other,idprofileaccount,idprofileaccount:int; profileaccountname:string; profileaccountshortame:string; profileaccountactive:Nullable<bool>,tblprofaccclass3; tblusers
tblpaymentLog,paymentdeletedon,Pagos/Reservas,idPayment,LogId:int; LogDate:Nullable<System.DateTime>; LogUser:Nullable<int>; LogObs:string; idPayment:long; idInvoice:int; idBAccount:int; idBankAccntType:int; applicationDate:System.DateTime; chargedAmount:decimal; authRef:string; creationDate:System.DateTime,
tblcompanydevelopment,idHotelChain,Usuarios/Empresas,idCompanyDevelopment,idCompanyDevelopment:int; idCompany:int; idHotelChain:int,tblcompanies; tblhotelchains
tblsegment,segmentactive,Other,idsegment,idsegment:int; segmentname:string; Segmentshortname:string; segmentdescription:string; segmentactive:bool,tblcompanies; tblconciliationsegmentaccl4fee; tblsegmentaccl4
tblbankaccountsourcedatatypes,idtype,Bancos,idbankaccountsourcedatatypes,idbankaccountsourcedatatypes:int; idbankaccountsourcedata:int; idtype:int,tblbankaccountsourcedata
tblaccountsl1,accountl1order,Other,idaccountl1,idaccountl1:int; accountl1name:string; accountl1description:string; accountl1active:Nullable<bool>; accountl1order:int,tblaccountsl2
tblbankstatepurchase,cardNumber,Bancos,idBankstatPurchase,idBankstatPurchase:long; idBankStatements:long; idPaymentPurchase:int; authCode:string; cardNumber:string,tblbankstatements; tblpaymentspurchases
tblincomeLog,incometupdateon,Facturacion/Ingresos,idincome,LogId:long; LogDate:Nullable<System.DateTime>; LogUser:Nullable<int>; LogObs:string; idincome:long; idcompany:int; idcurrency:int; incomeapplicationdate:System.DateTime; incomenumber:int; incomecreatedby:int; incomecreactionDate:System.DateTime; incomeupdatedby:int,
tblsourcedata,sourcedatadescription,Other,idsourcedata,idsourcedata:int; sourcedataname:string; sourcedataactive:bool; sourcedatadescription:string,tblbankaccountsourcedata; tblexpensereportsourcedata
tblaccl4paymenmethods,idaccountl4,Other,idaccl4paymenmethods,idaccl4paymenmethods:int; idpaymentmethod:Nullable<int>; idaccountl4:Nullable<int>,tblaccountsl4; tblPaymentForms
tblsegmentaccl4,segmentaccl4active,Other,idsegmentaccl4,idsegmentaccl4:int; idsegment:int; idaccountl4:int; segmentaccl4applyadd:Nullable<bool>; segmentaccl4active:bool,tblaccountsl4; tblsegment
tblpayment,paymentupdatedon,Pagos/Reservas,idpayment,idpayment:long; idinvoice:long; idbaccount:int; idbankprodttype:int; paymentdate:System.DateTime; paymentamount:decimal; paymentauthref:string; paymentcreatedby:int; paymentcreateon:System.DateTime; paymentupdatedby:int; paymentupdatedon:System.DateTime,tblbankaccount; tblbankprodttype; tblinvoice; tblbankstat2invoice
tblbatch,creditMonto,Other,idBatch,idBatch:int; batchDateCreate:Nullable<System.DateTime>; idFactura:string; batchUser:Nullable<int>; batchMonto:Nullable<decimal>; batchDate:Nullable<System.DateTime>; idPaymentForm:Nullable<int>; idbaccount:Nullable<int>; datePay:Nullable<System.DateTime>; idcompany:Nullable<int>; creditMonto:Nullable<decimal>,tblbankaccount; tblbatchdetail; tblbatchdetailpre
tblbankstatementmethod,bankstatementmethodActive,Bancos,idBankStatementMethod,idBankStatementMethod:int; bankstatementmethodName:string; bankstatementmethodShortName:string; bankstatementmethodDescription:string; bankstatementmethodActive:bool,tblbankstatements; tblbankstatements2
tblbatchdetailpre,batchCreate,Other,id,id:int; idBatch:Nullable<int>; idDeliver:Nullable<int>; deliveryDate:System.DateTime; idChain:Nullable<int>; idPartner:Nullable<int>; idPrefix:Nullable<int>; initialFolio:Nullable<int>; lastFolio:Nullable<int>; totalPayment:Nullable<decimal>; membershipType:Nullable<int>; batchCreate:System.DateTime,tblpartners; tblprefixes; tblbatch
tblbankstatements2Log,bankstatements2UpdatedOn,Bancos,idBankStatements2,Log_Id:int; Log_Date:Nullable<System.DateTime>; Log_User:Nullable<int>; Log_Obs:string; idBankStatements2:long; idBAccount:int; idMovementType:int; bankstatements2AplicationDate:System.DateTime; bankstatements2Concept:string; bankstatements2Charge:Nullable<decimal>; bankstatements2Pay:Nullable<decimal>; bankstatements2CreatedBy:Nullable<int>,
tblexpensereportsourcedata,expensereportsourcedataactive,Other,idexpensereportsourcedata,idexpensereportsourcedata:int; idcompany:int; idsourcedata:int; expensereportsourcedataactive:bool,tblcompanies; tblsourcedata; tblexpensereportsourcedatatypes
tblreservationsparent,numberTicket,Pagos/Reservas,idReservationParent,idReservationParent:int; reservationParentGuestName:string; reservationParentCheckIn:Nullable<System.DateTime>; reservationParentCheckOut:Nullable<System.DateTime>; idReservationStatus:Nullable<int>; idCountry:Nullable<int>; idState:Nullable<int>; cityName:string; idServiceType:Nullable<int>; idPaymentForm:Nullable<int>; idChannel:Nullable<int>; reservationParentInternalLocator:string,tblcurrencies; tblPaymentForms; tblPaymentForms1; tblPaymentForms2; tblPaymentForms3; tblSuppliers; tblusers; tblreservationsparentcancellation
tblusercompanies,usercompanyactive,Usuarios/Empresas,idusercompany,idusercompany:int; idcompany:int; iduser:int; usercompanyuserlastchange:int; usercompanydatelastchange:Nullable<System.DateTime>; usercompanyactive:Nullable<bool>,tblcompanies; tblusers
tbluseraccl4,useraccl4active,Usuarios/Empresas,iduseraccl4,iduseraccl4:int; iduser:int; idaccountl4:int; useraccl4active:bool,tblaccountsl4; tblusers
tblinvoice,invoiceupdateon,Facturacion/Ingresos,idinvoice,idinvoice:long; idcompany:int; idcurrency:Nullable<int>; invoicedate:System.DateTime; invoicenumber:int; invoicecreatedby:int; invoicecreateon:System.DateTime; invoiceupdatedby:int; invoiceupdateon:System.DateTime,tblcompanies; tblinvoicecomments; tblinvoiceattach; tblinvoiceditem; tblpayment; tblcurrencies; tblusers; tblusers1
tblerroraction,errorActionName,Other,idErrorAction,idErrorAction:int; errorActionName:string,tblbstaterrors
tblpermissions,permissionIsHtml,Other,idPermission,idPermission:int; permissionController:string; permissionAction:string; permissionArea:string; permissionImageClass:string; permissionTitle:string; permissionDescription:string; permissisonActiveli:string; permissionEstatus:bool; permissionParentId:int; permissionIsParent:bool; permissionHasChild:Nullable<bool>,tbluserpermissions
tblaccountl4accounttype,idaccounttypereport,Other,idaccL4acctypereport,idaccL4acctypereport:int; idaccountl4:int; idaccounttypereport:int,tblaccountsl4; tblaccounttypereport
tblinvoiceattach,invoiceattachshortname,Facturacion/Ingresos,idinvoiceattach,idinvoiceattach:int; idinvoice:long; idattach:int; invoiceattachname:string; invoiceattachdirectory:string; invoiceattachcontenttype:string; invoiceattachuserlastchange:int; invoiceattachdatelastchange:Nullable<System.DateTime>; invoiceattachactive:bool; invoiceattachshortname:string,tblattachments; tblinvoice; tblusers
tblaccountsl4,accountl4order,Other,idAccountl4,idAccountl4:int; idAccountl3:int; accountl4name:string; accountl4description:string; accountl4active:Nullable<bool>; accountl4order:int,tblaccl4paymenmethods; tblaccountl4accounttype; tblaccountsl3; tblconciliationsegmentaccl4fee; tblincomeitem; tblsegmentaccl4; tbluseraccl4; tblinvoiceditem
tblreservations,numberTicket,Pagos/Reservas,idReservation,idReservation:int; idMembership:int; idHotelType:Nullable<int>; idCountry:Nullable<int>; idReservationStatus:Nullable<int>; idUser:Nullable<int>; idPartner:Nullable<int>; idPaymentForm:Nullable<int>; idChannel:Nullable<int>; idServiceType:Nullable<int>; reservationHotelName:string; reservationGuestName:string,tblmembers; tblmemberships; tblpartners; tblPaymentForms; tblPaymentForms1; tblPaymentForms2; tblSuppliers; tbltpv
tblreservationcancellation,exchangeRate,Pagos/Reservas,idReservationCancel,idReservationCancel:int; idReservation:Nullable<int>; cancellationDate:Nullable<System.DateTime>; cancellationReason:string; idCancelType:Nullable<int>; idCurrency:Nullable<int>; terminal:Nullable<int>; amountReturned:Nullable<decimal>; exchangeRate:Nullable<decimal>,tblcurrencies; tblreservations
tblreservationsparentpayment,authCode,Pagos/Reservas,idReservationParentPayment,idReservationParentPayment:int; idReservationParent:Nullable<int>; idPaymentType:Nullable<int>; cardDigits:Nullable<long>; idCurrency:Nullable<int>; terminal:Nullable<int>; reservationPaymentCost:Nullable<decimal>; exchangeRate:Nullable<decimal>; reservationPaymentDate:Nullable<System.DateTime>; authCode:string,tblreservationsparent; tblbankstateparentreserv; tblbankstat2parentreserv
